{
    "allowClient": false,
    "conditionSwitch": 1,
    "updateMode": false,
    "commands": [
        [
            18,
            "//------------------------------------------------------------------------------------------------------\n// 初始化设定（无论「新的档案」还是「读取档案」都会调用该事件）\n// 以下的事件处理无需加入至存档，而是每次进入游戏都会初始化执行一次\n//------------------------------------------------------------------------------------------------------",
            {
                "___cmdID": "86536925110_0.07448309928439123"
            }
        ],
        [
            18,
            "//------------------------------------------------------------------------------------------------------\n// CTRL 快捷键快进\n//------------------------------------------------------------------------------------------------------",
            {
                "___cmdID": "86536925110_0.647421968301332"
            }
        ],
        [
            10003,
            {
                "42612293498_0.480752728811654": 0,
                "43114340537_0.8908961983320582": 0,
                "50863734368_0.9019421681699644": false,
                "43114858493_0.09543223886965402": 17,
                "43114858493_0.3171744305791697": 0,
                "43114653398_0.8881147052471978": [],
                "43114873548_0.23450080376522942": 0,
                "43116389200_0.5571849278665717": false,
                "43116402659_0.5042655137768752": false,
                "43116419156_0.632745028317159": false,
                "42612627174_0.578758902506004": "快进ON\u000551049429047_0.6687673059959558\u0005[[0,1,0,[0,1,1,0],0,0,[0,1,1,0],0,[15001,15007,[0,0]],0,0,[1,1],\"\",\"\",false,null,null,null,null,null,null,0,{\"___cmdID\":\"51006605912_0.5171972916118543\"}],[0,5,0,[0,1,1,0],0,0,[0,1,1,0],0,[1,1,[0,0]],0,0,[1,1],\"\",\"\",true,null,[5,{\"sys\":4},[{\"50994129090_0.9145624693624452\":4}]],null,null,null,null,0,{\"___cmdID\":\"51006605912_0.06276189269680188\"}],[1,{\"___cmdID\":\"51006704991_0.7753766680247465\"}],[13,4,15004,0,0,0,1,1,[0,100],0,-1,[],0,0,0,{\"___cmdID\":\"51049244372_0.4818273507246664\"}],[14,{\"___cmdID\":\"51006713363_0.5665086771218879\"}],[2,{\"___cmdID\":\"51006605912_0.221329616674385\"}],[2,{\"___cmdID\":\"51006605912_0.3226541413671047\"}],[13,4,15004,0,0,1,1,1,[0,100],0,-1,[],0,0,0,{\"___cmdID\":\"51002169953_0.27650989706986384\"}],[20002,null,\"51002227057_0.23302124595499407\"],[20001,null,\"51002228418_0.5696355037709839\"]]",
                "50863905972_0.3771312559501221": 1
            },
            "86536925110_0.20092151998842445"
        ],
        [
            10003,
            {
                "42612293498_0.480752728811654": 0,
                "43114340537_0.8908961983320582": 0,
                "50863734368_0.9019421681699644": false,
                "43114858493_0.09543223886965402": 17,
                "43114858493_0.3171744305791697": 1,
                "43114653398_0.8881147052471978": [],
                "43114873548_0.23450080376522942": 0,
                "43116389200_0.5571849278665717": false,
                "43116402659_0.5042655137768752": false,
                "43116419156_0.632745028317159": false,
                "42612627174_0.578758902506004": "快进OFF\u000551002197679_0.7901882400376146\u0005[[13,4,15004,0,0,0,1,1,[0,100],0,-1,[],0,0,0,{\"___cmdID\":\"51002169953_0.27650989706986384\"}]]",
                "50863905972_0.3771312559501221": 1
            },
            "86536925110_0.3194660955858928"
        ],
        [
            18,
            "//------------------------------------------------------------------------------------------------------\n// SPACE 快捷键播放文本\n//------------------------------------------------------------------------------------------------------",
            {
                "___cmdID": "86536925110_0.5482123111494113"
            }
        ],
        [
            10003,
            {
                "42612293498_0.480752728811654": 0,
                "43114340537_0.8908961983320582": 0,
                "51692867073_0.6443640385999863": false,
                "43114858493_0.09543223886965402": 32,
                "57883028646_0.2982354273966177": 0,
                "43114858493_0.3171744305791697": 1,
                "43114873548_0.23450080376522942": 0,
                "43114653398_0.8881147052471978": [],
                "57883649884_0.7324924597224358": [],
                "43116389200_0.5571849278665717": false,
                "43116402659_0.5042655137768752": false,
                "43116419156_0.632745028317159": false,
                "42612627174_0.578758902506004": "显示全部文本或跳过\u000588198009489_0.9296514646522755\u0005[[0,5,0,[0,1,1,0],0,0,[0,1,1,0],0,[1,1,[0,0]],0,0,[1,1],\"\",\"\",false,null,[5,{\"sys\":0},[{\"50994129090_0.9145624693624452\":0}]],null,null,null,null,0,{\"___cmdID\":\"51002295542_0.4809774859110141\"}],[0,3,0,[0,1,1,0],0,0,[0,1,1,0],0,[1,1,[0,0]],0,0,[1,1],\"\",\"// 重新显示已隐藏掉的对话框\\r\\nGUI_Manager.reShowDialogUI()\",false,\"GUI_Manager.reShowDialogUI();\\n\",null,null,null,null,null,0,0,[0,{},\"\"],[0,{},\"\"],{\"___cmdID\":\"88197683435_0.13208404164277598\"}],[14,{\"___cmdID\":\"88197696901_0.10429209870940426\"}],[-1,{\"___cmdID\":\"88197692961_0.9940873479300407\"}],[2,{\"___cmdID\":\"88197692960_0.4231908078980784\"}],[0,5,0,[0,1,1,0],0,0,[0,1,1,0],0,[1,1,[0,0]],0,0,[1,1],\"\",\"\",true,null,[5,{\"sys\":1},[{\"50994129090_0.9145624693624452\":1}]],null,null,null,null,0,{\"___cmdID\":\"51002302023_0.48523957753921243\"}],[20002,null,\"51002321560_0.3929136888560758\"],[-1,{\"___cmdID\":\"88197677088_0.7008467222355439\"}],[1,{\"___cmdID\":\"51002315126_0.10200198290772367\"}],[20001,null,\"51002322912_0.44458905818102523\"],[-1,{\"___cmdID\":\"88197677088_0.04382518219835685\"}],[2,{\"___cmdID\":\"51002309911_0.49868303062669006\"}],[-1,{\"___cmdID\":\"88197677088_0.3866690223484408\"}],[2,{\"___cmdID\":\"51002300326_0.8064288633051555\"}],[-1,{\"___cmdID\":\"88197677088_0.48721314477491195\"}]]",
                "51693260347_0.8762158613518642": 1
            },
            "86536925110_0.022508066914446623"
        ],
        [
            18,
            "//------------------------------------------------------------------------------------------------------\n// Z 快捷键隐藏或显示对话框\n//------------------------------------------------------------------------------------------------------",
            {
                "___cmdID": "88196982947_0.1871391993285798"
            }
        ],
        [
            10003,
            {
                "42612293498_0.480752728811654": 0,
                "43114340537_0.8908961983320582": 0,
                "51692867073_0.6443640385999863": false,
                "43114858493_0.09543223886965402": 90,
                "57883028646_0.2982354273966177": 0,
                "43114858493_0.3171744305791697": 0,
                "43114873548_0.23450080376522942": 0,
                "43114653398_0.8881147052471978": [],
                "57883649884_0.7324924597224358": [],
                "43116389200_0.5571849278665717": false,
                "43116402659_0.5042655137768752": false,
                "43116419156_0.632745028317159": false,
                "42612627174_0.578758902506004": "显示或隐藏对话框\u000588197497564_0.7218794040507654\u0005[[0,5,0,[0,1,1,0],0,0,[0,1,1,0],0,[1,1,[0,0]],0,0,[1,1],\"\",\"\",false,null,[5,{\"sys\":0},[{\"50994129090_0.9145624693624452\":0}]],null,null,null,null,0,0,[0,{},\"\"],[0,{},\"\"],{\"___cmdID\":\"51002295542_0.4809774859110141\"}],[20,\"显示或隐藏对话框\",\"// 当前的事件触发器：trigger: CommandTrigger;\\nGUI_Manager.hideOrShowDialogUI();\",\"GUI_Manager.hideOrShowDialogUI();\\n\",{\"___cmdID\":\"88197464148_0.7622967359429478\"}],[-1,{\"___cmdID\":\"88197105024_0.9827314165817405\"}],[2,{\"___cmdID\":\"51002300326_0.8064288633051555\"}],[-1,{\"___cmdID\":\"88197105024_0.9408606635790839\"}]]",
                "51693260347_0.8762158613518642": 1
            },